"full_name","html_url","description","matched_frameworks","stars","forks","language","topics","open_issues","size_kb","default_branch","created_at","updated_at","pushed_at","latest_default_branch_commit_date","fork","archived","disabled","license","contributors_count","total_commits","lifetime_days","commits_per_month","test_file_count","test_function_count","clone_url"
"microsoft/markitdown","https://github.com/microsoft/markitdown","Python tool for converting files and office documents to Markdown.","autogen, langchain","107286","6774","Python","autogen,autogen-extension,langchain,markdown,microsoft-office,openai,pdf","587","4252","main","2024-11-13T19:56:40Z","2026-04-14T04:29:21Z","2026-03-30T17:17:56Z","2026-03-30T17:17:56Z","False","False","False","MIT","78","305","501","18.53","13","","https://github.com/microsoft/markitdown.git"
"bytedance/deer-flow","https://github.com/bytedance/deer-flow","An open-source long-horizon SuperAgent harness that researches, codes, and creates. With the help of sandboxes, memories, tools, skill, subagents and message gateway, it handles different levels of tasks that could take minutes to hours.","langchain, langgraph","61235","7862","Python","agent,agentic,agentic-framework,agentic-workflow,ai,ai-agents,deep-research,harness,langchain,langgraph,langmanus,llm,multi-agent,nodejs,podcast,python,superagent,typescript","600","31452","main","2025-05-07T02:50:19Z","2026-04-14T04:21:28Z","2026-04-14T03:11:26Z","2026-04-14T03:11:26Z","False","False","False","MIT","100","1904","342","169.47","107","","https://github.com/bytedance/deer-flow.git"
"BerriAI/litellm","https://github.com/BerriAI/litellm","Python SDK, Proxy Server (AI Gateway) to call 100+ LLM APIs in OpenAI (or native) format, with cost tracking, guardrails, loadbalancing and logging. [Bedrock, Azure, OpenAI, VertexAI, Cohere, Anthropic, Sagemaker, HuggingFace, VLLM, NVIDIA NIM]","langchain","43195","7218","Python","ai-gateway,anthropic,azure-openai,bedrock,gateway,langchain,litellm,llm,llm-gateway,llmops,mcp-gateway,openai,openai-proxy,vertex-ai","2444","1015293","main","2023-07-27T00:09:52Z","2026-04-14T04:22:38Z","2026-04-14T04:17:12Z","2026-04-14T04:17:12Z","False","False","False","NOASSERTION","100","36982","992","1134.81","1466","","https://github.com/BerriAI/litellm.git"
"chatchat-space/Langchain-Chatchat","https://github.com/chatchat-space/Langchain-Chatchat","Langchain-Chatchat（原Langchain-ChatGLM）基于 Langchain 与 ChatGLM, Qwen 与 Llama 等语言模型的 RAG 与 Agent 应用 | Langchain-Chatchat (formerly langchain-ChatGLM), local knowledge based LLM (like ChatGLM, Qwen and Llama) RAG and Agent app with langchain ","langchain","37819","6190","Python","chatbot,chatchat,chatglm,chatgpt,embedding,faiss,fastchat,gpt,knowledge-base,langchain,langchain-chatglm,llama,llm,milvus,ollama,qwen,rag,retrieval-augmented-generation,streamlit,xinference","21","144496","master","2023-03-31T12:12:45Z","2026-04-14T04:22:46Z","2025-11-10T09:27:42Z","2025-11-10T09:27:42Z","False","False","False","Apache-2.0","100","2471","954","78.84","22","","https://github.com/chatchat-space/Langchain-Chatchat.git"
"mlflow/mlflow","https://github.com/mlflow/mlflow","The open source AI engineering platform for agents, LLMs, and ML models. MLflow enables teams of all sizes to debug, evaluate, monitor, and optimize production-quality AI applications while controlling costs and managing access to models and data.","agentops, langchain","25340","5571","Python","agentops,agents,ai,ai-governance,apache-spark,evaluation,langchain,llm-evaluation,llmops,machine-learning,ml,mlflow,mlops,model-management,observability,open-source,openai,prompt-engineering","1994","1405705","master","2018-06-05T16:05:58Z","2026-04-14T04:00:20Z","2026-04-14T04:02:05Z","2026-04-14T04:02:05Z","False","False","False","Apache-2.0","100","11775","2869","124.93","752","","https://github.com/mlflow/mlflow.git"
"langchain-ai/deepagents","https://github.com/langchain-ai/deepagents","Agent harness built with LangChain and LangGraph. Equipped with a planning tool, a filesystem backend, and the ability to spawn subagents - well-equipped to handle complex agentic tasks.","langchain, langgraph","20634","2868","Python","ai,deepagents,langchain,langgraph","222","81439","main","2025-07-27T23:07:53Z","2026-04-14T04:23:22Z","2026-04-14T02:43:25Z","2026-04-14T02:43:25Z","False","False","False","MIT","100","1443","260","168.94","187","","https://github.com/langchain-ai/deepagents.git"
"comet-ml/opik","https://github.com/comet-ml/opik","Debug, evaluate, and monitor your LLM applications, RAG systems, and agentic workflows with comprehensive tracing, automated evaluations, and production-ready dashboards.","langchain","18821","1436","Python","evaluation,hacktoberfest,hacktoberfest2025,langchain,llama-index,llm,llm-evaluation,llm-observability,llmops,open-source,openai,playground,prompt-engineering","160","520396","main","2023-05-10T12:57:13Z","2026-04-14T04:15:14Z","2026-04-14T02:54:58Z","2026-04-14T02:54:58Z","False","False","False","Apache-2.0","100","5346","1069","152.23","456","","https://github.com/comet-ml/opik.git"
"MODSetter/SurfSense","https://github.com/MODSetter/SurfSense","An open source, privacy focused alternative to NotebookLM for teams with no data limit's. Join our Discord: https://discord.gg/ejRNvftDp9","langchain, langgraph","13812","1269","Python","agent,agents,ai,chrome-extension,extension,fastapi,langchain,langgraph,nextjs,notebooklm,ollama,perplexity,python,rag,typescript","85","367745","main","2024-07-30T23:00:09Z","2026-04-14T04:02:20Z","2026-04-14T03:38:44Z","2026-04-14T03:38:44Z","False","False","False","Apache-2.0","71","4733","622","231.63","57","","https://github.com/MODSetter/SurfSense.git"
"Chainlit/chainlit","https://github.com/Chainlit/chainlit","Build Conversational AI in minutes ⚡️","langchain","11907","1689","Python","chatgpt,langchain,llm,openai,openai-chatgpt,python,ui","101","12234","main","2023-03-14T16:54:04Z","2026-04-13T21:26:33Z","2026-04-09T23:51:41Z","2026-04-09T23:51:41Z","False","False","False","Apache-2.0","100","1389","1122","37.68","35","","https://github.com/Chainlit/chainlit.git"
"yichuan-w/LEANN","https://github.com/yichuan-w/LEANN","[MLsys2026]: RAG on Everything with LEANN. Enjoy 97% storage savings while running a fast, accurate, and 100% private RAG application on your personal device.","langchain","10796","949","Python","ai,faiss,gpt-oss,langchain,llama-index,llm,localstorage,offline-first,ollama,privacy,python,rag,retrieval-augmented-generation,vector-database,vector-search,vectors","59","82980","main","2025-06-09T06:52:59Z","2026-04-13T17:48:45Z","2026-04-13T09:38:11Z","2026-04-13T09:38:11Z","False","False","False","MIT","29","556","308","54.95","33","","https://github.com/yichuan-w/LEANN.git"
"zilliztech/GPTCache","https://github.com/zilliztech/GPTCache","Semantic cache for LLMs. Fully integrated with LangChain and llama_index. ","langchain","7978","574","Python","aigc,autogpt,babyagi,chatbot,chatgpt,chatgpt-api,dolly,gpt,langchain,llama,llama-index,llm,memcache,milvus,openai,redis,semantic-search,similarity-search,vector-search","88","23248","main","2023-03-24T05:51:16Z","2026-04-14T04:26:26Z","2025-07-11T09:04:36Z","2025-07-11T09:04:36Z","False","False","False","MIT","43","505","840","18.3","70","","https://github.com/zilliztech/GPTCache.git"
"langchain-ai/chat-langchain","https://github.com/langchain-ai/chat-langchain","","langchain","6300","1460","Python","","14","12659","master","2023-01-16T20:43:13Z","2026-04-13T21:14:30Z","2026-04-14T02:27:21Z","2026-04-14T02:27:21Z","False","False","False","MIT","37","312","1183","8.03","6","","https://github.com/langchain-ai/chat-langchain.git"
"argilla-io/argilla","https://github.com/argilla-io/argilla","Argilla is a collaboration tool for AI engineers and domain experts to build high-quality datasets","langchain","4931","479","Python","active-learning,ai,annotation-tool,developer-tools,gpt-4,human-in-the-loop,langchain,llm,machine-learning,mlops,natural-language-processing,nlp,rlhf,text-annotation,text-labeling,weak-supervision,weakly-supervised-learning","25","809031","develop","2021-04-28T14:37:42Z","2026-04-13T20:45:40Z","2026-04-13T21:51:33Z","2026-04-13T21:51:33Z","False","False","False","Apache-2.0","100","3629","1811","61.0","289","","https://github.com/argilla-io/argilla.git"
"xerrors/Yuxi","https://github.com/xerrors/Yuxi","结合知识库管理的 多租户 Agent Harness 平台。 An agent harness that integrates a LightRAG knowledge base and knowledge graphs. Build with LangChain v1 + Vue + FastAPI, support DeepAgents、MinerU PDF、Neo4j 、MCP.","langchain","4898","672","Python","docker,fastapi,harness,kbqa,kgqa,llms,neo4j,rag,vue","70","44580","main","2024-07-05T10:57:35Z","2026-04-14T02:37:23Z","2026-04-13T10:40:04Z","2026-04-13T10:40:04Z","False","False","False","MIT","33","1746","646","82.27","54","","https://github.com/xerrors/Yuxi.git"
"JoshuaC215/agent-service-toolkit","https://github.com/JoshuaC215/agent-service-toolkit","Full toolkit for running an AI agent service built with LangGraph, FastAPI and Streamlit","langgraph","4190","693","Python","agents,langgraph,streamlit","20","2089","main","2024-08-04T23:13:44Z","2026-04-13T21:34:00Z","2026-03-07T04:50:42Z","2026-03-07T04:50:42Z","False","False","False","MIT","35","189","579","9.94","20","","https://github.com/JoshuaC215/agent-service-toolkit.git"
"LazyAGI/LazyLLM","https://github.com/LazyAGI/LazyLLM","Easiest and laziest way for  building multi-agent LLMs applications.","langchain","3797","376","Python","agents,ai-agent,data,deep-learning,documentation-tool,finetuning,framework,knowlege-graph,langchain,lazyllm,llamaindex,llm,llms,rag","42","20912","main","2024-06-04T05:01:45Z","2026-04-14T03:17:14Z","2026-04-14T03:17:07Z","2026-04-14T03:17:07Z","False","False","False","Apache-2.0","43","944","678","42.38","97","","https://github.com/LazyAGI/LazyLLM.git"
"langchain-ai/langchain-mcp-adapters","https://github.com/langchain-ai/langchain-mcp-adapters","LangChain 🔌 MCP","langchain, langgraph","3482","408","Python","langchain,langgraph,mcp,python,tools","69","1116","main","2025-02-07T23:08:03Z","2026-04-14T03:01:06Z","2026-04-14T02:41:35Z","2026-04-14T02:41:35Z","False","False","False","MIT","27","154","430","10.9","8","","https://github.com/langchain-ai/langchain-mcp-adapters.git"
"pipeshub-ai/pipeshub-ai","https://github.com/pipeshub-ai/pipeshub-ai","PipesHub is a fully extensible and explainable workplace AI platform for enterprise search and workflow automation","langchain, langgraph","2803","442","Python","agent,agents,ai,drive,glean,gmail,knowledge-graph,langchain,langgraph,llamaparse,notion,ollama,perplexity,python,rag,slack","85","39262","main","2025-03-06T18:51:10Z","2026-04-13T17:52:37Z","2026-04-13T17:51:09Z","2026-04-13T17:51:09Z","False","False","False","Apache-2.0","39","1776","402","134.48","477","","https://github.com/pipeshub-ai/pipeshub-ai.git"
"minitap-ai/mobile-use","https://github.com/minitap-ai/mobile-use","AI agents can now use real Android and iOS apps, just like a human.","langchain, langgraph","2427","203","Python","agents,ai,browser-use,langchain,langgraph,langgraph-python,mobile,mobile-use,python,qa","11","23651","main","2025-08-16T21:49:49Z","2026-04-14T01:50:08Z","2026-03-23T16:22:49Z","2026-03-23T16:22:49Z","False","False","False","Apache-2.0","14","864","218","120.64","5","","https://github.com/minitap-ai/mobile-use.git"
"OpenDCAI/Paper2Any","https://github.com/OpenDCAI/Paper2Any","Turn paper/text/topic into editable research figures, technical route diagrams, and presentation slides.","langgraph","2133","149","Python","agent,ai,aippt,editable-pptx,langgraph,paper2slides,ppt-generator","13","429662","main","2025-10-17T03:33:30Z","2026-04-14T00:24:25Z","2026-04-13T06:47:10Z","2026-04-13T06:47:10Z","False","False","False","Apache-2.0","14","702","178","120.05","23","","https://github.com/OpenDCAI/Paper2Any.git"
"doobidoo/mcp-memory-service","https://github.com/doobidoo/mcp-memory-service","Open-source persistent memory for AI agent pipelines (LangGraph, CrewAI, AutoGen) and Claude. REST API + knowledge graph + autonomous consolidation.","autogen, crewai, langgraph","1662","246","Python","agent-memory,agentic-ai,ai-agents,autogen,claude,crewai,knowledge-graph,langgraph,long-term-memory,mcp,mcp-server,memory,model-context-protocol,multi-agent,open-source,rag,semantic-search,sqlite-vec,vector-database,vector-storage","13","27098","main","2024-12-26T10:15:44Z","2026-04-14T04:19:32Z","2026-04-10T16:14:43Z","2026-04-10T16:14:43Z","False","False","False","Apache-2.0","54","2427","470","157.19","138","","https://github.com/doobidoo/mcp-memory-service.git"
"langchain-ai/langgraph-supervisor-py","https://github.com/langchain-ai/langgraph-supervisor-py","","langgraph","1550","237","Python","","53","1061","main","2025-02-05T20:56:08Z","2026-04-13T21:12:10Z","2026-04-14T01:37:18Z","2026-04-14T01:37:18Z","False","False","False","MIT","17","125","432","8.81","3","","https://github.com/langchain-ai/langgraph-supervisor-py.git"
"enoch3712/ExtractThinker","https://github.com/enoch3712/ExtractThinker","ExtractThinker is a Document Intelligence library for LLMs, offering ORM-style interaction for flexible and powerful document workflows.","langchain","1527","152","Python","ai,document-image-analysis,document-intelligence,document-parsing,document-processing,langchain,llm,machine-learning,nlp,ocr,openai,pdf,pdf-to-text,python","34","21518","main","2024-02-01T17:23:31Z","2026-04-13T22:15:53Z","2025-08-27T23:06:09Z","2025-08-27T23:06:09Z","False","False","False","Apache-2.0","7","463","573","24.6","27","","https://github.com/enoch3712/ExtractThinker.git"
"langchain-ai/langgraph-swarm-py","https://github.com/langchain-ai/langgraph-swarm-py","For your multi-agent needs","langgraph","1465","204","Python","agents,langgraph,llms,multiagent,multiagent-systems,python","21","1205","main","2025-02-19T15:50:25Z","2026-04-12T15:23:06Z","2026-04-14T02:43:28Z","2026-04-14T02:43:28Z","False","False","False","MIT","10","53","418","3.86","2","","https://github.com/langchain-ai/langgraph-swarm-py.git"
"PurpleAILAB/Decepticon","https://github.com/PurpleAILAB/Decepticon","Autonomous Hacking Agent for Red Team Testing","langchain, langgraph","1295","239","Python","agent,ai,cybersecurity,generative-ai,hacking,langchain,langgraph,llm,pentest,pentesting","18","280421","main","2025-06-06T12:55:02Z","2026-04-14T02:02:03Z","2026-04-13T09:13:21Z","2026-04-13T09:13:21Z","False","False","False","Apache-2.0","4","122","310","11.98","47","","https://github.com/PurpleAILAB/Decepticon.git"
"chopratejas/headroom","https://github.com/chopratejas/headroom","The Context Optimization Layer for LLM Applications","langchain","1291","115","Python","agent,ai,anthropic,compression,context-engineering,context-window,fastapi,langchain,llm,mcp,openai,proxy,python,rag,token-optimization","33","39460","main","2026-01-07T19:58:51Z","2026-04-14T04:13:16Z","2026-04-13T23:34:44Z","2026-04-13T23:34:44Z","False","False","False","Apache-2.0","20","591","96","187.4","192","","https://github.com/chopratejas/headroom.git"
"SalesforceAIResearch/enterprise-deep-research","https://github.com/SalesforceAIResearch/enterprise-deep-research","Salesforce Enterprise Deep Research","langchain","1153","180","Python","deep-research-agent,e2b,fastapi,langchain,llm-benchmarking,multi-agent-systems,react,tailwindcss,tavily","4","5587","main","2025-09-16T17:27:44Z","2026-04-10T03:35:29Z","2026-01-30T17:35:41Z","2026-01-30T17:35:41Z","False","False","False","Apache-2.0","5","36","136","8.06","9","","https://github.com/SalesforceAIResearch/enterprise-deep-research.git"
"hinthornw/trustcall","https://github.com/hinthornw/trustcall","Tenacious tool calling built on LangGraph","langgraph","1050","85","Python","","36","2643","main","2024-06-25T05:57:42Z","2026-04-12T08:56:22Z","2025-07-17T20:57:10Z","2025-07-17T20:57:10Z","False","False","False","MIT","6","46","387","3.62","4","","https://github.com/hinthornw/trustcall.git"
"vstorm-co/full-stack-ai-agent-template","https://github.com/vstorm-co/full-stack-ai-agent-template","Full-stack AI app generator — FastAPI + Next.js with agents, RAG, streaming, auth, and 20+ integrations out of the box.","langgraph, pydantic-ai","1022","197","Python","ai-agents,celery,clawdbot,docker,fastapi,full-stack,langchain,langgraph,llm,logfire,mongodb,nextjs,postgresql,pydantic-ai,python,rag,react,redis,saas-boilerplate,typescript","4","35434","main","2025-12-19T12:23:15Z","2026-04-13T09:51:12Z","2026-04-13T10:04:09Z","2026-04-13T10:04:09Z","False","False","False","MIT","5","233","114","62.22","27","","https://github.com/vstorm-co/full-stack-ai-agent-template.git"
"JudgmentLabs/judgeval","https://github.com/JudgmentLabs/judgeval","The open source post-building layer for agents. Our environment data and evals power agent post-training (RL, SFT) and monitoring.","langgraph","1021","90","Python","agent,agentic-ai,agents,grpo,langchain,langgraph,llama-index,llm,llm-evaluation,llm-observability,open-source,openai,prompt-engineering,reinforcement-learning,rl","17","230199","main","2024-10-25T04:49:15Z","2026-04-13T15:49:07Z","2026-04-13T00:48:30Z","2026-04-13T00:48:30Z","False","False","False","Apache-2.0","27","1745","534","99.47","43","","https://github.com/JudgmentLabs/judgeval.git"
"zamalali/DeepGit","https://github.com/zamalali/DeepGit","Deep research agent to help you find the best GitHub repositories 🕵️!","langchain, langgraph","866","90","Python","agent,deep-research,github-search,langchain,langgraph,llm,nlp,open-source,python,seq2seq,transformers","6","5955","main","2024-12-16T04:43:10Z","2026-04-12T01:10:06Z","2026-04-08T06:14:08Z","2026-04-08T06:14:08Z","False","False","False","","5","96","478","6.11","11","","https://github.com/zamalali/DeepGit.git"
"cryxnet/DeepMCPAgent","https://github.com/cryxnet/DeepMCPAgent","Model-agnostic plug-n-play LangChain/LangGraph agents powered entirely by MCP tools over HTTP/SSE.","langchain, langgraph","811","127","Python","agent-framework,agentic-ai,agents,ai,ai-agents,ai-framework,artificial-intelligence,autonomous-agents,deep-agents,developer-tools,langchain,langgraph,llm-agents,mcp,opensource-agents,python,react-agents","4","210","main","2025-08-29T13:49:43Z","2026-04-13T23:41:41Z","2025-10-18T13:02:42Z","2025-10-18T13:02:42Z","False","False","False","Apache-2.0","2","59","49","36.65","4","","https://github.com/cryxnet/DeepMCPAgent.git"
"danny-avila/rag_api","https://github.com/danny-avila/rag_api","ID-based RAG FastAPI: Integration with Langchain and PostgreSQL/pgvector","langchain","787","349","Python","api,api-rest,embeddings,fastapi,langchain,pgvector,postgresql,psql,python,rag,vector,vector-database","38","29754","main","2024-03-17T12:20:35Z","2026-04-14T03:41:18Z","2026-03-20T23:49:05Z","2026-03-20T23:49:05Z","False","False","False","MIT","35","110","733","4.57","14","","https://github.com/danny-avila/rag_api.git"
"aegra/aegra","https://github.com/aegra/aegra","Open source alternative to LangGraph Platform (now LangSmith Deployments) - Self-hosted AI agent backend with FastAPI and PostgreSQL. Zero vendor lock-in, full control over your agent infrastructure.","langchain, langgraph","781","152","Python","fastapi,langchain,langggraph,langgraph-agents,langgraph-platform-alternative,opensource-langgraph-platform,postgres,python","35","4320","main","2025-07-20T20:31:23Z","2026-04-13T15:47:25Z","2026-04-12T17:15:14Z","2026-04-12T17:15:14Z","False","False","False","Apache-2.0","26","747","265","85.81","113","","https://github.com/aegra/aegra.git"
"Haohao-end/openagent","https://github.com/Haohao-end/openagent","AI Agent Development Platform - Supports multiple models (OpenAI/DeepSeek/Wenxin/Tongyi), knowledge base management, workflow automation, and enterprise-grade security. Built with Flask + Vue3 + LangChain, featuring one-click Docker deployment.","langchain, langgraph","733","69","Python","agent,ai,aiagent,celery,deepseek,docker,faiss-vector-database,flask,langchain,langgraph,llmops,nginx,postgresql,tailwindcss,vue,weaviate","37","39340","main","2025-06-20T02:04:17Z","2026-04-13T04:28:55Z","2026-04-12T17:32:49Z","2026-04-12T17:32:49Z","False","False","False","","2","117","296","12.03","105","","https://github.com/Haohao-end/openagent.git"
"agentscope-ai/agentscope-runtime","https://github.com/agentscope-ai/agentscope-runtime","A production-ready runtime framework for agent apps with secure tool sandboxing, Agent-as-a-Service APIs, scalable deployment, full-stack observability, and broad framework compatibility.","langgraph","728","140","Python","a2a,agent,agentscope,agno,deployment,docker,kubernetes,langgraph,mcp,modelstudio,runtime,sandbox,serverless","46","92500","main","2025-08-14T03:43:36Z","2026-04-13T13:25:30Z","2026-04-09T12:20:43Z","2026-04-09T12:20:43Z","False","False","False","Apache-2.0","36","279","238","35.68","60","","https://github.com/agentscope-ai/agentscope-runtime.git"
"langchain-ai/react-agent","https://github.com/langchain-ai/react-agent","LangGraph template for a simple ReAct agent","langgraph","711","677","Python","langgraph,langgraph-python,langgraph-template","18","2425","main","2024-08-21T19:57:32Z","2026-04-13T03:58:32Z","2026-04-13T23:47:03Z","2026-04-13T23:47:03Z","False","False","False","MIT","7","50","600","2.54","2","","https://github.com/langchain-ai/react-agent.git"
"Shy2593666979/AgentChat","https://github.com/Shy2593666979/AgentChat","AgentChat 是一个基于 LLM 的智能体交流平台，内置默认 Agent 并支持用户自定义 Agent。通过多轮对话和任务协作，Agent 可以理解并协助完成复杂任务。项目集成 LangChain、Function Call、MCP 协议、RAG、Memory、HITL、Skill、Milvus 和 ElasticSearch 等技术，实现高效的知识检索与工具调用，使用 FastAPI 构建高性能后端服务。","langchain","641","76","Python","agent,agent-memory,agent-skills,human-in-the-loop,langchain,llm,mcp,mcp-client,mcp-server,mysql,redis","24","2560","main","2024-08-20T16:00:12Z","2026-04-14T01:34:57Z","2026-04-12T15:39:33Z","2026-04-12T15:39:33Z","False","False","False","MIT","7","523","599","26.58","19","","https://github.com/Shy2593666979/AgentChat.git"
"zhongyu09/openchatbi","https://github.com/zhongyu09/openchatbi","OpenChatBI is an intelligent chat-based BI tool powered by large language models, designed to help users query, analyze, and visualize data through natural language conversations. It uses LangGraph and LangChain to build chat agent and workflows that support natural language to SQL conversion and data analysis.","langchain, langgraph","545","70","Python","agent,ai,analytics,bi,database,datawarehouse,gpt,langchain,langgraph,llm,nlp,text2sql","2","8028","main","2025-09-09T02:08:10Z","2026-04-13T01:25:57Z","2026-03-02T04:12:06Z","2026-03-02T04:12:06Z","False","False","False","MIT","3","69","174","12.07","23","","https://github.com/zhongyu09/openchatbi.git"
"Undertone0809/promptulate","https://github.com/Undertone0809/promptulate","🚀Lightweight Large language model automation and Autonomous Language Agents development framework. Build your LLM Agent Application in a pythonic way!","autogen, langchain","530","41","Python","agent,autogen,chatgpt,gpt-4,langchain,language-agent,llm,pne,prompt,prompt-engineering,promptulate,python","17","9842","main","2023-03-18T13:02:45Z","2026-04-10T17:51:03Z","2026-04-07T00:02:51Z","2026-04-07T00:02:51Z","False","False","False","Apache-2.0","10","786","1115","21.46","28","","https://github.com/Undertone0809/promptulate.git"
"langchain-ai/langgraph-bigtool","https://github.com/langchain-ai/langgraph-bigtool","Build LangGraph agents with large numbers of tools","langgraph","528","43","Python","","12","422","main","2025-03-03T15:50:47Z","2026-04-14T01:08:36Z","2026-04-08T23:37:00Z","2026-04-08T23:37:00Z","False","False","False","MIT","4","49","401","3.72","2","","https://github.com/langchain-ai/langgraph-bigtool.git"
"thiswillbeyourgithub/wdoc","https://github.com/thiswillbeyourgithub/wdoc","Summarize and query from a lot of heterogeneous documents. Any LLM provider, any filetype, advanced RAG, advanced summaries, scriptable, etc","langchain","514","41","Python","langchain,llm,news,parser,pdf,python,question-answering,rag,summarizer","2","6718","main","2023-06-24T12:38:41Z","2026-04-01T10:26:00Z","2026-04-13T19:10:21Z","2026-04-13T19:10:21Z","False","False","False","AGPL-3.0","2","4801","1024","142.72","3","","https://github.com/thiswillbeyourgithub/wdoc.git"
"eidolon-ai/eidolon","https://github.com/eidolon-ai/eidolon","The first AI Agent Server, Eidolon is a pluggable Agent SDK and enterprise ready, deployment server for Agentic applications","langchain","490","54","Python","agents,generative-ai,langchain,llama,llm,openai,python,services","138","75079","main","2023-11-10T20:42:00Z","2026-04-05T16:32:40Z","2026-04-13T22:03:38Z","2026-04-13T22:03:38Z","False","False","False","Apache-2.0","20","1446","885","49.74","57","","https://github.com/eidolon-ai/eidolon.git"
"grll/mcpadapt","https://github.com/grll/mcpadapt","Unlock 650+ MCP servers tools in your favorite agentic framework.","langchain, pydantic-ai","419","48","Python","langchain,llamaindex,modelcontextprotocol,pydantic-ai,smolagents,swarm","23","5599","main","2025-01-11T23:23:49Z","2026-04-08T16:54:51Z","2025-10-24T15:34:18Z","2025-10-24T15:34:18Z","False","False","False","MIT","15","134","285","14.31","6","","https://github.com/grll/mcpadapt.git"
"vintasoftware/django-ai-assistant","https://github.com/vintasoftware/django-ai-assistant","Integrate AI Assistants with Django to build intelligent applications","langchain","406","36","Python","ai,ai-agent,ai-assistant,chatgpt,django,gpt,langchain,openai","28","3980","main","2024-05-17T17:01:40Z","2026-04-13T00:24:35Z","2026-03-23T19:25:02Z","2026-03-23T19:25:02Z","False","False","False","MIT","13","607","675","27.37","7","","https://github.com/vintasoftware/django-ai-assistant.git"
"skygazer42/pokemon-chat","https://github.com/skygazer42/pokemon-chat","基于 LightRAG、LangGraph、MCP、RagFlow、微调LLMs宝可梦主题的智能聊天助手","langgraph","387","30","Python","agent,graphrag,langraph,lightrag,llms,mcp,pokemon,ragflow,vue","0","155920","develop","2025-05-25T12:26:46Z","2026-04-10T15:36:46Z","2026-02-01T15:43:15Z","2026-02-01T15:43:15Z","False","False","False","MIT","3","347","252","41.92","51","","https://github.com/skygazer42/pokemon-chat.git"
"TensorOpsAI/LLMstudio","https://github.com/TensorOpsAI/LLMstudio","Framework to bring LLM applications to production","langchain","377","40","Python","ai,langchain,llm,llmops,ml,mlflow,openai,prompt-engineering,vertex-ai","8","40374","main","2023-07-24T09:16:13Z","2026-04-09T13:18:38Z","2026-02-05T09:17:53Z","2026-02-05T09:17:53Z","False","False","False","MPL-2.0","13","648","927","21.28","8","","https://github.com/TensorOpsAI/LLMstudio.git"
"langchain-ai/langchain-google","https://github.com/langchain-ai/langchain-google","🦜🔗 LangChain interfaces to Google's suite of AI products (Gemini & Vertex AI)","langchain","363","420","Python","ai,gemini,gemini-api,langchain,langchain-python,llm,vertex-ai","135","10986","main","2024-02-06T18:29:51Z","2026-04-09T19:31:33Z","2026-04-14T02:44:29Z","2026-04-14T02:44:29Z","False","False","False","MIT","100","1091","797","41.67","84","","https://github.com/langchain-ai/langchain-google.git"
"MLT-OSS/open-assistant-api","https://github.com/MLT-OSS/open-assistant-api","The Open Assistant API is a ready-to-use, open-source, self-hosted agent/gpts orchestration creation framework, supporting customized extensions for LLM, RAG, function call, and tools capabilities. It also supports seamless integration with the openai/langchain sdk.","langchain","360","84","Python","agent,ai,assistants,assistants-api,chatgpt,gpt,gpt-4,gpts,langchain,llm,openai,openai-api,openai-assistants,openai-assistants-api,python,rag,self-hosted","12","1467","main","2024-01-03T09:57:54Z","2026-04-10T05:52:57Z","2025-06-24T05:17:23Z","2025-06-24T05:17:23Z","False","False","False","MIT","14","178","537","10.09","3","","https://github.com/MLT-OSS/open-assistant-api.git"
"ginlix-ai/LangAlpha","https://github.com/ginlix-ai/LangAlpha","Claude Code for Finance","langchain","350","64","Python","agent,investment,langchain,langraph,llm,mcp,skills,trading","5","30120","main","2026-01-18T02:31:54Z","2026-04-14T04:14:36Z","2026-04-13T23:54:14Z","2026-04-13T23:54:14Z","False","False","False","Apache-2.0","7","1160","85","415.42","174","","https://github.com/ginlix-ai/LangAlpha.git"
"langchain-ai/langchain-aws","https://github.com/langchain-ai/langchain-aws","Build LangChain Applications on AWS","langchain","315","276","Python","aws,generative-ai,langchain,langchain-python","101","7611","main","2024-03-06T21:29:00Z","2026-04-14T03:05:32Z","2026-04-14T03:05:29Z","2026-04-14T03:05:29Z","False","False","False","MIT","100","652","768","25.84","100","","https://github.com/langchain-ai/langchain-aws.git"
"flepied/second-brain-agent","https://github.com/flepied/second-brain-agent","🧠 Second Brain AI agent","langchain","288","27","Python","artificial-intelligence,chatgpt,chatgpt-api,chatgpt-bot,langchain,langchain-python,personal-knowledge-management,pkm,second-brain","9","1476","main","2023-06-18T10:58:37Z","2026-04-13T04:12:08Z","2026-04-05T10:04:37Z","2026-04-05T10:04:37Z","False","False","False","GPL-3.0","2","142","1021","4.23","2","","https://github.com/flepied/second-brain-agent.git"
"shibing624/agentica","https://github.com/shibing624/agentica","Agentica: Lightweight async-first Python framework for AI agents. 轻量级异步优先的AI Agent框架，支持工具调用、RAG、多智能体和MCP。","langchain","277","36","Python","actionflow,agent,agentica,agents,langchain,llm,multi-agent,workflows","0","11749","main","2024-06-03T12:07:51Z","2026-04-12T18:28:59Z","2026-04-12T18:28:56Z","2026-04-12T18:28:56Z","False","False","False","Apache-2.0","4","589","678","26.44","64","","https://github.com/shibing624/agentica.git"
"langchain-ai/langchain-postgres","https://github.com/langchain-ai/langchain-postgres","LangChain abstractions backed by Postgres Backend","langchain","273","115","Python","langchain,langchain-python,postgres,postgresql","93","1615","main","2024-04-08T13:38:40Z","2026-04-10T07:18:12Z","2026-04-14T01:59:41Z","2026-04-14T01:59:41Z","False","False","False","MIT","30","134","735","5.55","17","","https://github.com/langchain-ai/langchain-postgres.git"
"langchain-ai/langchain-community","https://github.com/langchain-ai/langchain-community","Community-maintained LangChain integrations","langchain","260","418","Python","","273","21848","main","2025-04-28T12:55:58Z","2026-04-13T12:26:08Z","2026-04-10T06:26:10Z","2026-04-10T06:26:10Z","False","False","False","MIT","66","149","346","13.11","733","","https://github.com/langchain-ai/langchain-community.git"
"Corpus-OS/corpusos","https://github.com/Corpus-OS/corpusos","Open-source protocol suite standardizing LLM, Vector, Graph, and Embedding infrastructure across LangChain, LlamaIndex, AutoGen, CrewAI, Semantic Kernel, and MCP. 3,330+ conformance tests. One protocol. Any framework. Any provider.","autogen, crewai, langchain","258","7","Python","agents,ai-agents,ai-infrastructure,anthropic,autogen,chatgpt,crewai,enterprise,gemini,knowledge-graph,langchain,llamaindex,llm,mcp,multiagent,openai,python,rag,semantickernel,vector-database","5","8071","main","2025-10-30T17:02:15Z","2026-04-09T11:50:49Z","2026-04-14T03:04:32Z","2026-04-14T03:04:32Z","False","False","False","Apache-2.0","3","2795","165","515.64","91","","https://github.com/Corpus-OS/corpusos.git"
"langchain-ai/new-langgraph-project","https://github.com/langchain-ai/new-langgraph-project","","langgraph","255","502","Python","langgraph,langgraph-python,langgraph-template","9","3007","main","2024-09-13T23:28:15Z","2026-04-12T11:01:34Z","2026-04-14T02:25:49Z","2026-04-14T02:25:49Z","False","False","False","MIT","9","46","577","2.43","2","","https://github.com/langchain-ai/new-langgraph-project.git"
"mfmezger/conversational-agent-langchain","https://github.com/mfmezger/conversational-agent-langchain","FastAPI Backend for a Conversational Agent using Cohere, (Azure) OpenAI, Langchain & Langgraph and Qdrant as VectorDB","langchain, langgraph","248","40","Python","ai,cohere,fastapi,gemini,langchain,ollama,openai,qdrant,researchassistant,streamlit,vectordatabase","11","9957","main","2023-03-21T13:25:52Z","2026-03-28T08:15:13Z","2026-04-14T02:58:46Z","2026-04-14T02:58:46Z","False","False","False","MIT","4","410","1119","11.15","13","","https://github.com/mfmezger/conversational-agent-langchain.git"
"RapidAI/RapidRAG","https://github.com/RapidAI/RapidRAG","QA based on local knowledge and LLM.","langchain","248","45","Python","chatglm,langchain,llm,local-knowledge,qa","0","5223","main","2023-04-18T00:20:31Z","2026-03-24T06:30:43Z","2026-01-16T08:34:42Z","2026-01-16T08:34:42Z","False","False","False","Apache-2.0","5","102","1004","3.09","9","","https://github.com/RapidAI/RapidRAG.git"
"KodyKendall/LlamaBot","https://github.com/KodyKendall/LlamaBot","An AI Coding Agent Powered by LangGraph","langgraph","242","52","Python","","2","3683","main","2024-08-28T20:08:01Z","2026-04-09T07:51:23Z","2026-03-26T14:02:26Z","2026-03-26T14:02:26Z","False","False","False","AGPL-3.0","8","738","574","39.14","13","","https://github.com/KodyKendall/LlamaBot.git"
"ju-bezdek/langchain-decorators","https://github.com/ju-bezdek/langchain-decorators","syntactic sugar 🍭 for langchain","langchain","234","12","Python","langchain,llm,prompt-engineering","6","644","main","2023-06-09T22:25:08Z","2026-02-04T11:06:30Z","2025-11-27T10:36:55Z","2025-11-27T10:36:55Z","False","False","False","MIT","3","144","901","4.86","10","","https://github.com/ju-bezdek/langchain-decorators.git"
"kyaukyuai/gpt-all-star","https://github.com/kyaukyuai/gpt-all-star","🤖 AI-powered code generation tool for scratch development of web applications with a team collaboration of autonomous AI agents.","langgraph","224","28","Python","ai,autonomous-agent,codebase-generation,codegen,coding-assistant,developer-tools,gpt-4,gpt-4o,langchain,langgraph,research-project","16","4231","main","2023-12-20T13:05:04Z","2026-04-08T10:09:27Z","2026-04-12T16:57:51Z","2026-04-12T16:57:51Z","False","False","False","MIT","5","1862","844","67.16","3","","https://github.com/kyaukyuai/gpt-all-star.git"
"redis-developer/langgraph-redis","https://github.com/redis-developer/langgraph-redis","Redis checkpointer and store for memory management in LangGraph","langchain, langgraph","212","40","Python","agents,ai,langchain,langgraph,memory,redis","2","2260","main","2025-01-03T17:31:03Z","2026-04-08T16:20:55Z","2026-03-28T08:16:13Z","2026-03-28T08:16:13Z","False","False","False","MIT","17","186","448","12.64","91","","https://github.com/redis-developer/langgraph-redis.git"
"skygazer42/GustoBot","https://github.com/skygazer42/GustoBot","五星大厨:全面Multi-Agent 的客服机器人，基于langraph实现，txt2sql ,txt2cypher, lightrag, 多模态 等","langchain, langgraph","211","23","Python","agent,graphrag,langchain,langgraph,lightrag,multi-agent,neo4j,text2cypher,text2sql","1","51830","develop","2025-10-11T09:32:41Z","2026-04-14T03:27:38Z","2026-03-07T08:07:23Z","2026-03-07T08:07:23Z","False","False","False","Apache-2.0","3","151","146","31.48","10","","https://github.com/skygazer42/GustoBot.git"
"goruck/home-generative-agent","https://github.com/goruck/home-generative-agent","A home assistant generative agent integration based on langchain and langgraph.","langchain, langgraph","206","40","Python","generative-ai,home-assistant,langchain,langgraph,llms","6","10799","main","2024-08-09T12:02:17Z","2026-04-13T09:44:31Z","2026-04-14T01:00:41Z","2026-04-14T01:00:41Z","False","False","False","MIT","5","886","612","44.07","39","","https://github.com/goruck/home-generative-agent.git"
"langchain-ai/langgraph-cua-py","https://github.com/langchain-ai/langgraph-cua-py","An implementation of a computer use agent (CUA) using LangGraph","langgraph","205","47","Python","","6","251","main","2025-03-19T20:04:10Z","2026-04-02T10:50:04Z","2026-04-08T22:17:42Z","2026-04-08T22:17:42Z","False","False","False","MIT","4","95","385","7.51","2","","https://github.com/langchain-ai/langgraph-cua-py.git"
"codedog-ai/codedog","https://github.com/codedog-ai/codedog","Code review assistant powered by LLM","langchain","197","29","Python","code-review,code-review-bot,langchain,pull-request-review","14","7738","master","2023-07-13T16:54:36Z","2026-04-11T06:23:25Z","2026-04-13T23:26:59Z","2026-04-13T23:26:59Z","False","False","False","MIT","9","200","1005","6.06","13","","https://github.com/codedog-ai/codedog.git"
"hal9ai/hal9","https://github.com/hal9ai/hal9","Hal9 — Create and Share Generative Apps","langchain","181","32","Python","api,chatbot,framework,frontend,genapp,hal9,langchain,llm,python,webapp","2","217686","main","2021-05-26T22:50:39Z","2026-03-07T10:27:50Z","2026-02-25T21:48:28Z","2026-02-25T21:48:28Z","False","False","False","MIT","27","1848","1735","32.42","3","","https://github.com/hal9ai/hal9.git"
"googleapis/mcp-toolbox-sdk-python","https://github.com/googleapis/mcp-toolbox-sdk-python","Python SDK for interacting with the MCP Toolbox for Databases. ","langchain","174","48","Python","databases,genai,langchain,langchain-python,llamaindex,llms,mcp,mcp-client","21","1896","main","2024-12-16T07:42:31Z","2026-04-14T03:01:54Z","2026-04-10T04:58:37Z","2026-04-10T04:58:37Z","False","False","False","Apache-2.0","21","469","479","29.8","31","","https://github.com/googleapis/mcp-toolbox-sdk-python.git"
"santosomar/AI-agents-for-cybersecurity","https://github.com/santosomar/AI-agents-for-cybersecurity","This repository contains resources and materials for courses and presentations related to AI Agents and Agentic Systems for Cybersecurity Operations by Omar Santos.","langchain, langgraph","173","67","Python","agentic-ai,agentic-rag,agents,ai,artificial-intelligence,cyber,cybersecurity,langchain,langchain-python,langgraph,langgraph-python","0","14641","main","2024-08-06T18:31:24Z","2026-04-14T00:04:34Z","2026-04-14T00:04:36Z","2026-04-14T00:04:36Z","False","False","False","BSD-3-Clause","5","234","615","11.58","2","","https://github.com/santosomar/AI-agents-for-cybersecurity.git"
"ksachdeva/langchain-graphrag","https://github.com/ksachdeva/langchain-graphrag","GraphRAG / From Local to Global: A Graph RAG Approach to Query-Focused Summarization","langchain","167","27","Python","graphrag,langchain,llm,rag","3","519","main","2024-07-22T21:56:48Z","2026-04-09T08:20:33Z","2026-03-31T02:00:43Z","2026-03-31T02:00:43Z","False","False","False","Apache-2.0","6","191","616","9.44","2","","https://github.com/ksachdeva/langchain-graphrag.git"
"valmi-io/value","https://github.com/valmi-io/value","⚡ ""Value""  - https://value.valmi.io . Valmi Value is Outcome-based billing and payments infrastructure for AI agents. Meter usage, configure flexible pricing, and track costs & profitability - so you can focus on building great AI products.","crewai, langgraph","166","15","Python","agentic-ai,agents,ai,ai-agents,crewai,langgraph,n8n,open-source","1","54327","main","2023-02-07T12:40:44Z","2026-04-08T16:52:16Z","2025-12-22T05:06:58Z","2025-12-22T05:06:58Z","False","False","False","NOASSERTION","8","930","1048","27.01","3","","https://github.com/valmi-io/value.git"
"lfnovo/esperanto","https://github.com/lfnovo/esperanto","A unified interface for various AI model providers","langchain","165","27","Python","anthropic,embeddings,gemini,langchain,language-model,openai","29","7088","main","2024-11-23T19:43:22Z","2026-04-13T14:07:40Z","2026-04-13T14:08:10Z","2026-04-13T14:08:10Z","False","False","False","MIT","6","280","505","16.88","55","","https://github.com/lfnovo/esperanto.git"
"midodimori/langrepl","https://github.com/midodimori/langrepl","Interactive command-line chat application powered by Langchain, Langgraph, Prompt Toolkit and Rich","langchain, langgraph","159","24","Python","","9","4774","main","2025-10-25T22:34:04Z","2026-04-10T13:46:44Z","2026-04-14T02:46:28Z","2026-04-14T02:46:28Z","False","False","False","MIT","3","285","170","51.03","77","","https://github.com/midodimori/langrepl.git"
"alibaizhanov/mengram","https://github.com/alibaizhanov/mengram","Human-like memory for AI agents — semantic, episodic & procedural. Experience-driven procedures that learn from failures. Free API, Python & JS SDKs, LangChain, CrewAI & OpenClaw integrations.","crewai, langchain","152","18","Python","ai-agents,ai-memory,cognitive-profile,crewai,episodic-memory,langchain,llm,mcp-server,memory-layer,procedural-memory,rag,semantic-memory","4","3317","main","2026-02-10T19:20:33Z","2026-04-13T19:45:24Z","2026-04-13T19:45:20Z","2026-04-13T19:45:20Z","False","False","False","Apache-2.0","3","445","62","218.48","3","","https://github.com/alibaizhanov/mengram.git"
"future-agi/traceAI","https://github.com/future-agi/traceAI","Open Source AI Tracing Framework built on Opentelemetry for AI Applications and Frameworks","langchain","151","24","Python","ai,ai-agents,langchain,large-language-models,openai,opentelemetry,tracing","7","9376","main","2025-04-15T04:57:02Z","2026-04-13T19:45:17Z","2026-04-04T05:39:46Z","2026-04-04T05:39:46Z","False","False","False","MIT","11","388","354","33.36","150","","https://github.com/future-agi/traceAI.git"
"HeadyZhang/agent-audit","https://github.com/HeadyZhang/agent-audit","Static security scanner for LLM agents — prompt injection, MCP config auditing, taint analysis. 49 rules mapped to OWASP Agentic Top 10 (2026). Works with LangChain, CrewAI, AutoGen.","autogen, crewai, langchain","149","13","Python","ai-agent,ai-security,ai-security-tool,cli,crewai,langchain,langchain-security-,llm-safety,llm-security,mcp,owasp,prompt-injection,python,security,static-analysis,taint-analysis,vulnerability-detection,vulnerability-scanner","2","1693","master","2026-02-03T23:22:36Z","2026-04-13T15:07:20Z","2026-04-02T02:20:23Z","2026-04-02T02:20:23Z","False","False","False","MIT","14","81","57","43.26","63","","https://github.com/HeadyZhang/agent-audit.git"
"evandempsey/podcast-llm","https://github.com/evandempsey/podcast-llm","Automatically generate engaging AI podcasts from nothing but an episode title.","langchain","144","27","Python","anthropic,elevenlabs,gemini,langchain,llm,notebooklm,openai,podcast,tts","1","6520","main","2024-10-28T16:14:50Z","2026-03-25T05:18:37Z","2025-07-28T13:32:57Z","2025-07-28T13:32:57Z","False","False","False","NOASSERTION","3","66","272","7.39","11","","https://github.com/evandempsey/podcast-llm.git"
"skygazer42/Weaver","https://github.com/skygazer42/Weaver","基于 LangGraph 的企业级 AI 智能体平台，支持深度研究、代码执行 ，并提供 62+ 内置工具与类Manus的多 Agent 配置。支持 SSE 实时流、任务取消、记忆管理以及多模态交互等能力","langgraph","141","31","Python","agent,deepresearch,langgraph,manus,playwright,sandbox","5","6766","main","2025-12-17T05:46:40Z","2026-04-14T01:32:48Z","2026-04-11T21:38:51Z","2026-04-11T21:38:51Z","False","False","False","MIT","3","586","115","155.11","127","","https://github.com/skygazer42/Weaver.git"
"tjni/langgraph-checkpoint-mysql","https://github.com/tjni/langgraph-checkpoint-mysql","Library with a MySQL implementation of LangGraph checkpoint saver.","langgraph","134","16","Python","","19","806","main","2024-09-24T05:30:58Z","2026-04-03T01:30:21Z","2026-01-23T11:11:31Z","2026-01-23T11:11:31Z","False","False","False","MIT","5","157","486","9.83","11","","https://github.com/tjni/langgraph-checkpoint-mysql.git"
"Arvo-AI/aurora","https://github.com/Arvo-AI/aurora","Aurora — Open source AI-powered agentic incident management & root cause analysis for SREs. LangGraph agents investigate across AWS, Azure, GCP, Kubernetes. Integrates with PagerDuty, Datadog, Grafana, Slack. Apache 2.0.","langgraph","133","25","Python","ai-agents,aiops,automation,aws,azure,datadog,devops,gcp,grafana,incident-management,kubernetes,langgraph,llm-agents,nextjs,observability,open-source,pagerduty,python,root-cause-analysis,sre","15","10498","main","2026-01-22T14:12:32Z","2026-04-14T02:12:40Z","2026-04-14T00:26:49Z","2026-04-14T00:26:49Z","False","False","False","Apache-2.0","9","364","81","136.79","4","","https://github.com/Arvo-AI/aurora.git"
"OoriData/OgbujiPT","https://github.com/OoriData/OgbujiPT","Client-side toolkit for using large language models, including where self-hosted","langchain","115","7","Python","ai,gpt,langchain,large-language-models,llm,python","1","1543","main","2023-06-04T21:39:24Z","2026-01-26T07:24:13Z","2026-02-02T01:56:44Z","2026-02-02T01:56:44Z","False","False","False","Apache-2.0","8","605","973","18.93","9","","https://github.com/OoriData/OgbujiPT.git"
"01-ai/langcrew","https://github.com/01-ai/langcrew","A high-level multi-agent development framework built on LangGraph, combining CrewAI’s intuitive concepts with enterprise-grade features, ready-to-use templates, and full-stack UI for rapid productization.","crewai, langgraph","114","8","Python","","1","10099","main","2025-08-12T14:39:20Z","2026-04-05T16:59:09Z","2025-11-04T12:41:16Z","2025-11-04T12:41:16Z","False","False","False","MIT","3","13","83","4.77","39","","https://github.com/01-ai/langcrew.git"
"jagmarques/asqav-sdk","https://github.com/jagmarques/asqav-sdk","Python SDK for AI agent governance - audit trails, policy enforcement, quantum-safe signatures. Works with LangChain, CrewAI, MCP.","crewai, langchain, openai-agents","113","11","Python","ai-agent-governance,ai-agents,ai-compliance,ai-governance,ai-security,audit-trail,compliance,crewai,dora,eu-ai-act,fips-204,langchain,mcp,ml-dsa,openai-agents,policy-enforcement,python,python-sdk,quantum-safe,sdk","12","173","main","2026-01-14T07:30:37Z","2026-04-14T00:36:56Z","2026-04-13T17:43:36Z","2026-04-13T17:43:36Z","False","False","False","MIT","5","118","89","40.36","22","","https://github.com/jagmarques/asqav-sdk.git"
"langchain-ai/langchain-mongodb","https://github.com/langchain-ai/langchain-mongodb","Integrations between MongoDB, Atlas, LangChain, and LangGraph","langchain, langgraph","100","45","Python","langchain,mongodb,mongodb-atlas","13","7643","main","2024-10-18T17:55:07Z","2026-04-13T21:08:52Z","2026-04-13T21:10:58Z","2026-04-13T21:10:58Z","False","False","False","MIT","19","266","542","14.94","45","","https://github.com/langchain-ai/langchain-mongodb.git"
"brucechou1983/chainlit_langgraph","https://github.com/brucechou1983/chainlit_langgraph","A seamless integration of Chainlit with LangGraph. Ideal for fast prototyping multi-LLM chatbot or AI agents.","langgraph","95","7","Python","ai,ai-integration,anthropic,chainlit,chatbot,langgraph,llm,ollama,openai,python","0","13972","main","2024-04-22T08:04:07Z","2026-02-13T14:52:43Z","2025-12-19T11:42:28Z","2025-12-19T11:42:28Z","False","False","False","MIT","2","176","606","8.84","2","","https://github.com/brucechou1983/chainlit_langgraph.git"
"Lum1104/MER-Factory","https://github.com/Lum1104/MER-Factory","🚀 Pre-process, annotate, evaluate, and train your Affect Computing (e.g., Multimodal Emotion Recognition, Sentiment Analysis) datasets ALL within MER-Factory! (LangGraph Based Agent Workflow)","langgraph","94","13","Python","affective-computing,collaborate,llm-training,multimodal-emotion-recognition,sentiment-analysis","0","3372","main","2025-06-24T09:55:00Z","2026-04-12T07:26:52Z","2026-03-13T12:45:28Z","2026-03-13T12:45:28Z","False","False","False","MIT","3","116","262","13.48","2","","https://github.com/Lum1104/MER-Factory.git"
"AttackIQ/SigmAIQ","https://github.com/AttackIQ/SigmAIQ","A pySigma wrapper and langchain toolkit for automatic rule creation/translation","langchain","93","11","Python","detection-engineering,langchain,llm,python3,security,security-tools,sigma,sigma-rules","3","1570","master","2023-06-13T17:44:32Z","2026-04-08T01:17:52Z","2025-11-03T12:57:04Z","2025-11-03T12:57:04Z","False","False","False","LGPL-2.1","2","76","873","2.65","4","","https://github.com/AttackIQ/SigmAIQ.git"
"memgraph/ai-toolkit","https://github.com/memgraph/ai-toolkit","Toolkit for building AI-driven graph apps on Memgraph, with LangChain, MCP, and agent implementations. ","langchain","93","10","Python","","29","4534","main","2025-04-01T09:54:01Z","2026-04-12T18:18:19Z","2026-04-12T18:18:14Z","2026-04-12T18:18:14Z","False","False","False","","6","105","376","8.5","15","","https://github.com/memgraph/ai-toolkit.git"
"samuelint/langchain-openai-api-bridge","https://github.com/samuelint/langchain-openai-api-bridge","A bridge to use Langchain output as an OpenAI-compatible API","langchain","91","19","Python","","4","918","main","2024-06-05T18:13:44Z","2026-03-31T08:12:23Z","2025-07-11T14:36:02Z","2025-07-11T14:36:02Z","False","False","False","MIT","5","124","400","9.44","40","","https://github.com/samuelint/langchain-openai-api-bridge.git"
"YS0meone/Corvus","https://github.com/YS0meone/Corvus","Multi-agent AI research system — finds academic papers via semantic search & citation snowballing, then answers questions over them using agentic RAG with self-reflection. Built with LangGraph, FastAPI, Celery, and Qdrant.","langgraph","88","10","Python","academic-research,agentic-rag,ai-agent,celery,fastapi,grobid,langchain,langgraph,multi-agent,python,qdrant,rag,react,typescript,vector-search","0","1009","main","2025-09-04T21:19:13Z","2026-04-05T11:10:57Z","2026-02-28T22:37:55Z","2026-02-28T22:37:55Z","False","False","False","MIT","7","169","177","29.06","6","","https://github.com/YS0meone/Corvus.git"
"DiTo97/deepagents-backends","https://github.com/DiTo97/deepagents-backends","S3 and PostgreSQL remote storage backends for LangChain Deep Agents, enabling persistent and distributed agent file systems.","langchain","87","15","Python","deepagents,langchain,postgresql,remote-storage,s3","0","166","main","2026-01-07T12:17:21Z","2026-04-14T03:57:27Z","2026-04-11T13:22:01Z","2026-04-11T13:22:01Z","False","False","False","MIT","2","23","94","7.45","4","","https://github.com/DiTo97/deepagents-backends.git"
"datastax/graph-rag","https://github.com/datastax/graph-rag","Graph traversal for improved RAG","langchain","83","26","Python","genai,langchain,langchain-python,rag,retrieval-augmented-generation","12","2901","main","2025-01-08T10:01:13Z","2026-03-31T09:22:00Z","2025-05-05T19:04:56Z","2025-05-05T19:04:56Z","False","False","False","Apache-2.0","5","189","117","49.17","23","","https://github.com/datastax/graph-rag.git"
"aws-samples/sample-agentic-platform","https://github.com/aws-samples/sample-agentic-platform","A sample agentic ai platform to run agentic workflows on AWS using either EKS or Bedrock AgentCore with open source frameworks like LangChain/LangGraph, Strands, etc..  ","langchain, langgraph","83","36","Python","","20","3616","main","2025-04-21T17:05:33Z","2026-04-10T17:19:00Z","2026-04-08T21:18:14Z","2026-04-08T21:18:14Z","False","False","False","MIT-0","10","82","352","7.09","26","","https://github.com/aws-samples/sample-agentic-platform.git"
"hidai25/eval-view","https://github.com/hidai25/eval-view","Regression testing for AI agents. Snapshot behavior,diff tool calls,catch regressions in CI. Works with LangGraph, CrewAI, OpenAI, Anthropic.","autogen, crewai, langgraph","82","17","Python","agent-benchmark,agent-evaluation,agentic-ai,ai-agents,anthropic,autogen,cli,crewai,evaluation,langchain-agent,langgraph,llm,mcp,openai-assistants,pytest,python,regression-testing,testing","13","122278","main","2025-11-17T22:21:38Z","2026-04-14T01:41:27Z","2026-04-13T20:24:13Z","2026-04-13T20:24:13Z","False","False","False","Apache-2.0","13","740","146","154.28","71","","https://github.com/hidai25/eval-view.git"
"VirtualPatientEngine/AIAgents4Pharma","https://github.com/VirtualPatientEngine/AIAgents4Pharma","AI Agents for drug discovery, drug development, and other pharmaceutical R&D","langchain, langgraph","78","46","Python","ai-agents,biomodels,knowledge-graph,langchain,langgraph,qsp-modeling,semantic-scholar,streamlit","72","649189","main","2024-10-30T15:02:16Z","2026-04-13T18:14:07Z","2026-03-30T20:09:17Z","2026-03-30T20:09:17Z","False","False","False","MIT","13","348","516","20.53","94","","https://github.com/VirtualPatientEngine/AIAgents4Pharma.git"
"langchain-ai/langchain-elastic","https://github.com/langchain-ai/langchain-elastic","Elasticsearch integration into LangChain","langchain","76","33","Python","","16","449","main","2024-03-25T21:11:25Z","2026-03-04T09:06:07Z","2026-04-06T19:57:31Z","2026-04-06T19:57:31Z","False","False","False","MIT","18","77","741","3.16","15","","https://github.com/langchain-ai/langchain-elastic.git"
"FullStackWithLawrence/aws-openai","https://github.com/FullStackWithLawrence/aws-openai","Example ChatGPT chatbots using Langchain and OpenAI","langchain","69","43","Python","12-factor,aws,aws-api-gateway,ci-cd,data-science,full-stack,github-actions,langchain,openai,openai-api,openai-api-python,python,react,terraform,unit-testing","6","45410","main","2023-09-11T17:34:03Z","2026-04-01T03:29:36Z","2026-04-01T03:29:57Z","2026-04-01T03:29:57Z","False","False","False","AGPL-3.0","7","3256","932","106.34","16","","https://github.com/FullStackWithLawrence/aws-openai.git"
"UiPath/uipath-langchain-python","https://github.com/UiPath/uipath-langchain-python","Python SDK that enables developers to build and deploy LangGraph agents to the UiPath Cloud Platform","langchain, langgraph","68","33","Python","langchain,langgraph,python,uipath","74","17903","main","2025-04-07T04:51:00Z","2026-04-12T09:38:01Z","2026-04-14T03:07:33Z","2026-04-14T03:07:33Z","False","False","False","MIT","51","827","371","67.85","79","","https://github.com/UiPath/uipath-langchain-python.git"
"langchain-ai/langchain-weaviate","https://github.com/langchain-ai/langchain-weaviate","🦜🔗 LangChain interface to Weaviate","langchain","63","34","Python","langchain,weaviate","11","1977","main","2023-12-19T19:17:58Z","2026-04-08T22:38:27Z","2026-04-08T22:38:23Z","2026-04-08T22:38:23Z","False","False","False","MIT","11","346","841","12.52","7","","https://github.com/langchain-ai/langchain-weaviate.git"
"langchain-ai/langchain-redis","https://github.com/langchain-ai/langchain-redis","","langchain","60","33","Python","","3","1413","main","2024-07-08T16:42:58Z","2026-04-13T05:54:33Z","2026-04-13T03:53:04Z","2026-04-13T03:53:04Z","False","False","False","MIT","20","124","643","5.87","23","","https://github.com/langchain-ai/langchain-redis.git"
"Azure-Samples/Cosmic-Food-RAG-app","https://github.com/Azure-Samples/Cosmic-Food-RAG-app","A chat-based recommendation application that revolutionizes the culinary experience. ","langchain","60","19","Python","azd-temp,azure,cosmos-db,document-db,langchain,python,rag,react","20","4185","main","2024-05-28T17:06:06Z","2026-03-25T22:27:22Z","2026-04-14T02:18:30Z","2026-04-14T02:18:30Z","False","False","False","MIT","7","202","685","8.98","5","","https://github.com/Azure-Samples/Cosmic-Food-RAG-app.git"
"ababdotai/awesome-agent-quickstart","https://github.com/ababdotai/awesome-agent-quickstart","Helloworld for agentic frameworks, minimial but runnable! LangGraph, Agno, AutoGen, Smolagents, OpenAI Agents, etc.","autogen, langgraph, openai-agents","59","13","Python","a2a,agents,agno,ai,autogen,langchain,langgraph,llm,mcp,smolagents","0","2681","main","2025-02-04T11:42:14Z","2026-03-21T23:11:18Z","2025-08-08T14:58:12Z","2025-08-08T14:58:12Z","False","False","False","MIT","2","42","185","6.91","2","","https://github.com/ababdotai/awesome-agent-quickstart.git"
"tisu19021997/langclaw","https://github.com/tisu19021997/langclaw","Langchain + Openclaw = Langclaw","langchain","58","6","Python","","5","1048","main","2026-02-19T19:54:35Z","2026-04-13T05:37:26Z","2026-04-11T08:04:32Z","2026-04-11T08:04:32Z","False","False","False","MIT","3","219","50","133.33","9","","https://github.com/tisu19021997/langclaw.git"
"lucebert/langchain-doc-graph","https://github.com/lucebert/langchain-doc-graph","","langchain","57","13","Python","","0","1127","main","2025-02-11T06:51:33Z","2025-08-22T10:10:57Z","2025-08-02T01:28:10Z","2025-08-02T01:28:10Z","False","False","False","MIT","4","38","171","6.76","2","","https://github.com/lucebert/langchain-doc-graph.git"
"MAS-Infra-Layer/Agent-Git","https://github.com/MAS-Infra-Layer/Agent-Git","Agent Git: Agent Version Control, Open-Branching, and Reinforcement Learning MDP for Agentic AI. A Standalone Agentic AI Infrastructure Layer for LangGraph Ecosystems","langgraph","56","5","Python","agent,agent-development-kit,agent-git,agentic-ai,agentic-ai-development,agno,ai,branch,infrastructure,langchain,langgraph,machine-learning,mdp,python,reinforcement-learning,version-control","1","6569","main","2025-10-04T03:14:48Z","2026-04-13T08:24:48Z","2026-02-26T04:18:36Z","2026-02-26T04:18:36Z","False","False","False","Apache-2.0","4","47","145","9.87","9","","https://github.com/MAS-Infra-Layer/Agent-Git.git"
"langchain-ai/langchain-milvus","https://github.com/langchain-ai/langchain-milvus","The LangChain wrapper of Milvus vector database for efficient vector search, full-text search, hybrid retrieval and RAG.","langchain","53","41","Python","langchain,rag,search-engine,vector-database","19","1375","main","2024-09-26T02:29:59Z","2026-04-11T15:04:49Z","2026-04-08T08:15:47Z","2026-04-08T08:15:47Z","False","False","False","MIT","16","84","559","4.57","7","","https://github.com/langchain-ai/langchain-milvus.git"
"Vasallo94/ObsidianRAG","https://github.com/Vasallo94/ObsidianRAG","RAG system to query your Obsidian notes using LangGraph and local LLMs (Ollama)","langgraph","53","7","Python","langchain,langgraph,llm,local-llm,obsidian,ollama,rag","3","2923","main","2024-08-31T20:29:21Z","2026-04-12T09:50:16Z","2026-03-26T03:00:05Z","2026-03-26T03:00:05Z","False","False","False","MIT","2","103","571","5.49","6","","https://github.com/Vasallo94/ObsidianRAG.git"
"oracle/langchain-oracle","https://github.com/oracle/langchain-oracle","The Oracle LangChain integration provides official LangChain support for Oracle’s Generative AI and AI Platform services, enabling developers to build intelligent, secure, and scalable applications powered by Oracle’s cloud technologies.","langchain","51","24","Python","","22","2987","main","2025-07-01T06:30:40Z","2026-04-12T00:52:56Z","2026-04-10T16:12:50Z","2026-04-10T16:12:50Z","False","False","False","UPL-1.0","19","154","283","16.56","44","","https://github.com/oracle/langchain-oracle.git"
"agentscope-ai/agentscope-bricks","https://github.com/agentscope-ai/agentscope-bricks","A Production-Ready agent components framework that compatible with other agent framework, such as agentscope, langgraph, autogen, more on the road","autogen, langgraph","51","14","Python","agent,components,llm,rag,search","8","8063","main","2025-09-20T00:35:37Z","2026-04-10T03:49:37Z","2026-01-19T06:32:13Z","2026-01-19T06:32:13Z","False","False","False","","8","59","121","14.84","9","","https://github.com/agentscope-ai/agentscope-bricks.git"
"stanford-oval/chainlite","https://github.com/stanford-oval/chainlite","LangChain + LiteLLM that works","langchain","48","7","Python","agent,anthropic,gpt,langchain,litellm,llm,llmops,mistral,openai","4","613","main","2024-05-19T03:41:13Z","2026-04-01T17:19:46Z","2025-09-01T06:17:33Z","2025-09-01T06:17:33Z","False","False","False","Apache-2.0","4","107","470","6.93","4","","https://github.com/stanford-oval/chainlite.git"
"ThalesGroup/fred","https://github.com/ThalesGroup/fred","the UI and agentic backend of the fred innovation track","langchain, langgraph","46","15","Python","agentic-ai,langchain,langgraph,model","102","37785","develop","2025-05-15T13:32:22Z","2026-04-13T16:21:46Z","2026-04-13T21:34:17Z","2026-04-13T21:34:17Z","False","False","False","Apache-2.0","24","1036","333","94.7","73","","https://github.com/ThalesGroup/fred.git"
"matvix90/ai-robo-advisor","https://github.com/matvix90/ai-robo-advisor","AI Robo-Advisor","langgraph","46","45","Python","ai,hacktoberfest,langgraph,python","22","435","main","2025-09-21T22:57:03Z","2026-03-10T06:39:14Z","2025-10-31T20:02:38Z","2025-10-31T20:02:38Z","False","False","False","MIT","15","54","39","42.15","11","","https://github.com/matvix90/ai-robo-advisor.git"
"langchain-ai/langchain-cohere","https://github.com/langchain-ai/langchain-cohere","","langchain","45","40","Python","","24","1518","main","2024-04-04T22:37:45Z","2026-04-04T01:05:03Z","2026-04-08T22:39:21Z","2026-04-08T22:39:21Z","False","False","False","MIT","28","119","734","4.94","28","","https://github.com/langchain-ai/langchain-cohere.git"
"ai-forever/langchain-gigachat","https://github.com/ai-forever/langchain-gigachat","","langchain","45","13","Python","","12","723","master","2024-10-28T06:58:03Z","2026-03-23T11:07:55Z","2026-04-02T11:12:45Z","2026-04-02T11:12:45Z","False","False","False","MIT","10","39","521","2.28","9","","https://github.com/ai-forever/langchain-gigachat.git"
"IBM/watsonx-developer-hub","https://github.com/IBM/watsonx-developer-hub","Examples and guides for building Gen AI applications on the watsonx platform.","autogen, crewai, langgraph","45","27","Python","agents,ai,autogen,beeai,crewai,genai,langchain,langgraph,llama,llamaindex,llm","12","5425","main","2025-02-05T11:10:32Z","2026-03-27T13:36:52Z","2026-03-27T13:36:48Z","2026-03-27T13:36:48Z","False","False","False","Apache-2.0","17","317","415","23.25","12","","https://github.com/IBM/watsonx-developer-hub.git"
"googleapis/langchain-google-cloud-sql-pg-python","https://github.com/googleapis/langchain-google-cloud-sql-pg-python","","langchain","43","19","Python","","7","17491","main","2024-01-16T20:47:04Z","2026-04-08T20:46:41Z","2026-04-08T20:47:00Z","2026-04-08T20:47:00Z","False","False","False","Apache-2.0","18","291","812","10.91","16","","https://github.com/googleapis/langchain-google-cloud-sql-pg-python.git"
"googleapis/langchain-google-spanner-python","https://github.com/googleapis/langchain-google-spanner-python","","langchain","41","21","Python","","34","491","main","2024-01-16T20:51:30Z","2026-03-17T16:23:19Z","2026-03-30T16:59:22Z","2026-03-30T16:59:22Z","False","False","False","Apache-2.0","21","127","803","4.81","7","","https://github.com/googleapis/langchain-google-spanner-python.git"
"langchain-ai/langchain-snowflake","https://github.com/langchain-ai/langchain-snowflake","","langchain","39","28","Python","","11","1075","main","2024-09-25T22:47:15Z","2026-04-11T06:24:15Z","2026-04-13T21:59:20Z","2026-04-13T21:59:20Z","False","False","False","MIT","8","74","564","3.99","12","","https://github.com/langchain-ai/langchain-snowflake.git"
"langchain-ai/langchain-neo4j","https://github.com/langchain-ai/langchain-neo4j","","langchain","39","23","Python","","6","751","main","2024-11-01T18:54:27Z","2026-03-30T13:43:22Z","2026-04-08T23:58:08Z","2026-04-08T23:58:08Z","False","False","False","MIT","16","75","523","4.37","15","","https://github.com/langchain-ai/langchain-neo4j.git"
"googleapis/langchain-google-alloydb-pg-python","https://github.com/googleapis/langchain-google-alloydb-pg-python","","langchain","37","22","Python","","17","17871","main","2023-12-21T22:21:25Z","2026-04-10T05:06:14Z","2026-04-14T02:03:00Z","2026-04-14T02:03:00Z","False","False","False","Apache-2.0","22","388","844","13.99","26","","https://github.com/googleapis/langchain-google-alloydb-pg-python.git"
"yigit353/langchain-qwq","https://github.com/yigit353/langchain-qwq","An integration package connecting QwQ and LangChain","langchain","37","6","Python","","1","583","main","2025-03-31T22:20:26Z","2026-04-08T09:12:43Z","2026-01-09T07:18:29Z","2026-01-09T07:18:29Z","False","False","False","MIT","4","82","283","8.82","3","","https://github.com/yigit353/langchain-qwq.git"
"langchain-ai/langchain-datastax","https://github.com/langchain-ai/langchain-datastax","DataStax Astra DB integration with LangChain","langchain","33","14","Python","","16","1500","main","2024-02-29T01:35:46Z","2026-04-10T06:52:32Z","2026-04-10T06:52:32Z","2026-04-10T06:52:32Z","False","False","False","MIT","16","135","771","5.33","20","","https://github.com/langchain-ai/langchain-datastax.git"
"iason-solomos/Deb8flow","https://github.com/iason-solomos/Deb8flow","A Langgraph-based repository which runs a debate between debater agents","langgraph","33","5","Python","","0","1554","main","2025-04-05T13:11:06Z","2026-04-13T17:45:14Z","2025-05-16T13:35:16Z","2025-05-16T13:35:16Z","False","False","False","MIT","2","20","41","14.85","4","","https://github.com/iason-solomos/Deb8flow.git"
"googleapis/langchain-google-firestore-python","https://github.com/googleapis/langchain-google-firestore-python","","langchain","32","18","Python","","32","257","main","2024-01-16T20:49:00Z","2026-04-14T00:44:59Z","2026-03-30T16:59:23Z","2026-03-30T16:59:23Z","False","False","False","Apache-2.0","15","109","803","4.13","4","","https://github.com/googleapis/langchain-google-firestore-python.git"
"langchain-ai/langchain-ibm","https://github.com/langchain-ai/langchain-ibm","","langchain","31","31","Python","","14","4573","main","2024-07-08T16:43:42Z","2026-04-13T22:10:45Z","2026-04-13T22:10:43Z","2026-04-13T22:10:43Z","False","False","False","MIT","20","185","644","8.74","27","","https://github.com/langchain-ai/langchain-ibm.git"
"langchain-ai/langchain-litellm","https://github.com/langchain-ai/langchain-litellm","🦜🔗 LangChain interface to LiteLLM","langchain","28","16","Python","langchain,litellm","1","1926","main","2025-04-01T07:10:35Z","2026-04-10T06:47:04Z","2026-04-10T06:47:02Z","2026-04-10T06:47:02Z","False","False","False","MIT","16","125","373","10.2","12","","https://github.com/langchain-ai/langchain-litellm.git"
"cloudflare/langchain-cloudflare","https://github.com/cloudflare/langchain-cloudflare","LangChain integrations for Cloudflare","langchain","28","6","Python","","0","340","main","2025-04-07T16:12:06Z","2026-04-10T06:48:23Z","2026-04-10T00:59:53Z","2026-04-10T00:59:53Z","False","False","False","MIT","4","81","367","6.72","12","","https://github.com/cloudflare/langchain-cloudflare.git"
"pprados/langchain-googledrive","https://github.com/pprados/langchain-googledrive","An external version of a pull request for langchain.","langchain","27","14","Python","","2","18025","master","2023-06-27T15:29:46Z","2026-02-04T12:18:30Z","2026-02-04T12:18:26Z","2026-02-04T12:18:26Z","False","False","False","Apache-2.0","7","68","952","2.17","8","","https://github.com/pprados/langchain-googledrive.git"
"langchain-ai/langchain-pinecone","https://github.com/langchain-ai/langchain-pinecone","Build LangChain applications with Pinecone","langchain","26","17","Python","","12","1777","main","2025-02-18T19:39:21Z","2026-04-10T06:51:19Z","2026-04-10T06:51:19Z","2026-04-10T06:51:19Z","False","False","False","MIT","11","58","415","4.25","10","","https://github.com/langchain-ai/langchain-pinecone.git"
"opendataloader-project/langchain-opendataloader-pdf","https://github.com/opendataloader-project/langchain-opendataloader-pdf","","langchain","26","3","Python","","2","2133","main","2025-09-16T04:32:47Z","2026-04-13T00:40:33Z","2026-04-14T03:01:31Z","2026-04-14T03:01:31Z","False","False","False","Apache-2.0","3","44","209","6.41","4","","https://github.com/opendataloader-project/langchain-opendataloader-pdf.git"
"girijesh-ai/ai-interview-codex","https://github.com/girijesh-ai/ai-interview-codex","Comprehensive ML/AI interview codex with iterative system design, production-ready code, and 2026 standards. Includes LLM/GenAI, RAG systems, agentic   AI, and algorithms from scratch.","langgraph","25","11","Python","agentic-ai,deep-learning,interview-preparation,langgraph,machine-learning,system-design","0","2092","main","2025-10-29T15:38:49Z","2026-04-12T18:34:11Z","2026-01-16T08:35:54Z","2026-01-16T08:35:54Z","False","False","False","","5","53","78","20.68","16","","https://github.com/girijesh-ai/ai-interview-codex.git"
"the-omics-os/lobster","https://github.com/the-omics-os/lobster","The self-evolving agentic framework for bioinformatics","langgraph","25","6","Python","agents,bioinformatics,langgraph,lobster,omics,proteomics,transcriptomics","0","23629","main","2025-08-13T03:19:01Z","2026-04-12T15:01:24Z","2026-03-27T17:23:20Z","2026-03-27T17:23:20Z","False","False","False","NOASSERTION","2","681","226","91.72","386","","https://github.com/the-omics-os/lobster.git"
"Agentic-AI-Coach/AgenticAICoach","https://github.com/Agentic-AI-Coach/AgenticAICoach","Developing Coaching Agents for AI Entrepreneurship","crewai, langchain","24","32","Python","agentic-ai,coaching,crewai,human-centered,langchain,llama-index,llm,responsible-ai","12","18780","master","2024-10-01T15:52:46Z","2026-04-12T17:31:29Z","2026-03-01T08:31:50Z","2026-03-01T08:31:50Z","False","False","False","MIT","18","137","515","8.1","33","","https://github.com/Agentic-AI-Coach/AgenticAICoach.git"
"aws-samples/sample-deep-research-bedrock-agentcore","https://github.com/aws-samples/sample-deep-research-bedrock-agentcore","Deep research agent using Amazon Bedrock, AgentCore, and LangGraph","langgraph","24","3","Python","agentcore,ai-agent,amazon-bedrock,deep-research,langgraph","1","4428","main","2025-11-05T05:49:18Z","2026-04-07T05:10:20Z","2026-04-12T12:03:22Z","2026-04-12T12:03:22Z","False","False","False","MIT-0","3","38","158","7.32","2","","https://github.com/aws-samples/sample-deep-research-bedrock-agentcore.git"
"googleapis/langchain-google-cloud-sql-mysql-python","https://github.com/googleapis/langchain-google-cloud-sql-mysql-python","","langchain","23","9","Python","","29","403","main","2024-01-16T20:46:02Z","2026-03-18T11:55:13Z","2026-03-30T16:56:34Z","2026-03-30T16:56:34Z","False","False","False","Apache-2.0","13","92","803","3.49","9","","https://github.com/googleapis/langchain-google-cloud-sql-mysql-python.git"
"tavily-ai/langchain-tavily","https://github.com/tavily-ai/langchain-tavily","","langchain","22","15","Python","","2","1196","main","2025-03-17T16:46:35Z","2026-04-13T15:38:14Z","2026-04-13T15:38:12Z","2026-04-13T15:38:12Z","False","False","False","MIT","12","179","391","13.94","12","","https://github.com/tavily-ai/langchain-tavily.git"
"a-klos/langchain-ocr","https://github.com/a-klos/langchain-ocr","Use any vision LLMs to perform OCR using LangChain ","langchain","22","3","Python","","1","3350","main","2025-03-15T09:27:20Z","2026-03-31T19:17:22Z","2025-07-29T11:29:38Z","2025-07-29T11:29:38Z","False","False","False","MIT","3","24","136","5.37","2","","https://github.com/a-klos/langchain-ocr.git"
"pollinations/lixSearch","https://github.com/pollinations/lixSearch","Research Based Project on Crawlers and Rankers with a LLM Supported Native Search Engine ","langgraph","21","6","Python","cloud-computing,docker,langchain,langgraph,python","0","100378","main","2025-06-05T06:50:05Z","2026-04-13T19:50:17Z","2026-04-12T19:02:18Z","2026-04-12T19:02:18Z","False","False","False","CC0-1.0","10","1263","311","123.62","15","","https://github.com/pollinations/lixSearch.git"
"langchain-ai/langchain-unstructured","https://github.com/langchain-ai/langchain-unstructured","","langchain","18","12","Python","","10","6505","main","2024-09-26T22:04:11Z","2026-04-10T06:30:46Z","2026-04-14T03:03:23Z","2026-04-14T03:03:23Z","False","False","False","MIT","8","42","564","2.27","4","","https://github.com/langchain-ai/langchain-unstructured.git"
"SAP/langchain-integration-for-sap-hana-cloud","https://github.com/SAP/langchain-integration-for-sap-hana-cloud","Integrates LangChain with SAP HANA Cloud to make use of vector search, knowledge graph, and further in-database capabilities as part of LLM-driven applications.","langchain","18","9","Python","hana,langchain,sap,sap-hana-cloud","3","594","main","2025-01-10T16:58:38Z","2026-04-10T08:33:40Z","2026-04-13T14:17:35Z","2026-04-13T14:17:35Z","False","False","False","Apache-2.0","12","118","457","7.86","8","","https://github.com/SAP/langchain-integration-for-sap-hana-cloud.git"
"ScrapeGraphAI/langchain-scrapegraph","https://github.com/ScrapeGraphAI/langchain-scrapegraph","ScrapeGraph client langchain integration","langchain","17","2","Python","langchain,langchain-tool,langchain-tools,scraping,scraping-api","1","133","main","2024-12-04T13:12:04Z","2025-09-17T13:56:37Z","2026-04-01T14:30:09Z","2026-04-01T14:30:09Z","False","False","False","MIT","4","57","483","3.59","2","","https://github.com/ScrapeGraphAI/langchain-scrapegraph.git"
"sdsc-ordes/kg-llm-interface","https://github.com/sdsc-ordes/kg-llm-interface","Langchain-powered natural language interface to knowledge-graphs.","langchain","17","2","Python","k8s,knowledge-graph,llm,question-answering,rest-api","11","1292","main","2023-04-19T11:42:31Z","2025-11-03T14:40:28Z","2025-11-03T14:40:23Z","2025-11-03T14:40:23Z","False","False","False","Apache-2.0","9","213","929","6.98","2","","https://github.com/sdsc-ordes/kg-llm-interface.git"
"pymupdf/langchain-pymupdf4llm","https://github.com/pymupdf/langchain-pymupdf4llm","An integration package connecting PyMuPDF4LLM to LangChain","langchain","17","3","Python","langchain,langchain-python,pymupdf4llm","3","2074","main","2025-02-18T05:07:30Z","2026-03-25T20:03:54Z","2026-03-23T19:31:31Z","2026-03-23T19:31:31Z","False","False","False","AGPL-3.0","2","61","398","4.67","2","","https://github.com/pymupdf/langchain-pymupdf4llm.git"
"datarobot-community/datarobot-agent-templates","https://github.com/datarobot-community/datarobot-agent-templates","DataRobot Agentic Workflow Templates","crewai, langgraph","17","12","Python","agentic-ai,crewai,datarobot,langgraph,llamaindex,llm","4","4149","main","2025-05-14T14:40:53Z","2026-03-24T15:24:07Z","2026-03-26T15:23:52Z","2026-03-26T15:23:52Z","False","False","False","Apache-2.0","2","44","316","4.24","25","","https://github.com/datarobot-community/datarobot-agent-templates.git"
"googleapis/langchain-google-memorystore-redis-python","https://github.com/googleapis/langchain-google-memorystore-redis-python","","langchain","16","9","Python","","28","350","main","2024-01-16T20:52:45Z","2026-03-18T14:51:42Z","2026-03-30T16:59:21Z","2026-03-30T16:59:21Z","False","False","False","Apache-2.0","14","71","803","2.69","4","","https://github.com/googleapis/langchain-google-memorystore-redis-python.git"
"digitalocean/langchain-gradient","https://github.com/digitalocean/langchain-gradient","Langchain Gradient Integration","langchain","15","16","Python","digitalocean,gradientai,langchain","14","118","main","2025-07-22T12:39:03Z","2026-03-31T09:57:16Z","2025-12-28T04:29:34Z","2025-12-28T04:29:34Z","False","False","False","MIT","4","18","158","3.47","9","","https://github.com/digitalocean/langchain-gradient.git"
"langchain-ai/langchain-upstage","https://github.com/langchain-ai/langchain-upstage","","langchain","15","12","Python","","5","5225","main","2024-05-31T15:54:19Z","2026-04-10T07:19:04Z","2026-04-10T21:45:31Z","2026-04-10T21:45:31Z","False","False","False","MIT","12","107","679","4.8","15","","https://github.com/langchain-ai/langchain-upstage.git"
"xt765/LangChain-Chinese-Comment","https://github.com/xt765/LangChain-Chinese-Comment","本项目是一个专为中文开发者打造的 LangChain 框架源码注释与文档库。LangChain 作为业界领先的大语言模型（LLM）应用开发框架，其架构设计精妙、功能丰富，但源码复杂度较高。本项目通过系统性地整理核心模块的中文注释，帮助开发者深入理解 LangChain 的实现原理、设计思想及最佳实践。","langchain","15","5","Python","ai,ai-agent,ai-agents,ai-assistant,china,china-access,chinese,chinese-translation,comments,deepagent,langchain,langchain-python,langgraph","0","15544","master","2026-02-01T14:46:13Z","2026-03-26T05:53:52Z","2026-03-06T06:32:50Z","2026-03-06T06:32:50Z","False","False","False","MIT","2","11","32","10.46","528","","https://github.com/xt765/LangChain-Chinese-Comment.git"
"gleanwork/langchain-glean","https://github.com/gleanwork/langchain-glean","LangChain components for Glean","langchain","12","4","Python","","8","496","main","2025-02-28T18:21:20Z","2026-04-03T18:14:30Z","2026-04-09T00:17:49Z","2026-04-09T00:17:49Z","False","False","False","MIT","4","65","404","4.9","21","","https://github.com/gleanwork/langchain-glean.git"
"pprados/langchain-rag","https://github.com/pprados/langchain-rag","Manage multiple vector for the same document.","langchain","11","3","Python","","0","3253","master","2023-10-19T05:47:11Z","2026-03-11T02:55:40Z","2026-02-09T09:50:45Z","2026-02-09T09:50:45Z","False","False","False","Apache-2.0","3","84","844","3.03","7","","https://github.com/pprados/langchain-rag.git"
"topoteretes/langchain-cognee","https://github.com/topoteretes/langchain-cognee","","langchain","11","3","Python","","1","568","main","2025-02-14T12:18:21Z","2026-01-08T03:54:41Z","2025-08-12T10:02:32Z","2025-08-12T10:02:32Z","False","False","False","MIT","3","16","178","2.74","8","","https://github.com/topoteretes/langchain-cognee.git"
"okahu-demos/lg-travel-agent","https://github.com/okahu-demos/lg-travel-agent","A travel agent python app built with LangGraph using GPT model from OpenAI to be run locally or on CI/CD with Github Actions","langgraph","11","9","Python","agentic-ai,genai,langgraph,monocle2ai,observability,okahu,openai,openai-api","1","17669","main","2025-08-05T01:55:33Z","2026-04-08T10:30:26Z","2026-04-08T10:46:31Z","2026-04-08T10:46:31Z","False","False","False","Apache-2.0","9","93","246","11.51","4","","https://github.com/okahu-demos/lg-travel-agent.git"
"gapilongo/SOC","https://github.com/gapilongo/SOC","Intelligent SOC automation framework powered by LangGraph multi-agent workflows for alert triage, correlation, and incident response","langgraph","11","4","Python","ai-agents,alert-triage,cybersecurity,incident-response,langchain,langgraph,multi-agent-system,python,security-automation,security-operations,security-orchestration,soc,threat-detection,threat-intelligence,workflow-automation","5","80063","main","2025-08-19T15:05:59Z","2026-03-02T06:52:34Z","2025-11-18T16:17:51Z","2025-11-18T16:17:51Z","False","False","False","NOASSERTION","2","96","91","32.11","8","","https://github.com/gapilongo/SOC.git"
